machine,co2_kg,kwh
Assembling_Machine1,16.567370626285985,23.66767232326569
Assembling_Machine2,296.11613738300156,423.02305340428796
Assembling_Machine4,110.04341176218412,157.20487394597734
Cutting_Machine1,1288.7142625871215,1841.0203751244624
Cutting_Machine3,267.2241156713199,381.74873667331417
Painting_Machine1,1588.928921765396,2269.8984596648506
Painting_Machine2,49.097649006855136,70.13949858122163
Painting_Machine4,234.74473739119034,335.34962484455764
Routing_Machine1,1090.431836507795,1557.759766439709
