{
  "timestamp": 1760937443.1842365,
  "sim_time": 200.0,
  "operational": {
    "oee_nowcast": 0.8009375,
    "queues": {},
    "worker_utilization": 0.0
  },
  "quality": {
    "by_product": {
      "ProductA": {
        "produced": 182,
        "defect_rate": 0.016483516483516484,
        "rework_rate": 0.0,
        "scrap_rate": 0.0,
        "escape_rate": 0.0,
        "fpy": 0.9835164835164835,
        "rty_proxy": 0.9835164835164835,
        "shipped_good": 0,
        "shipped_suspect": 0,
        "returns": 0,
        "return_rate": 0.0,
        "customer_satisfaction": 100.0
      },
      "ProductB": {
        "produced": 102,
        "defect_rate": 0.0196078431372549,
        "rework_rate": 0.0,
        "scrap_rate": 0.0,
        "escape_rate": 0.0,
        "fpy": 0.9803921568627451,
        "rty_proxy": 0.9803921568627451,
        "shipped_good": 0,
        "shipped_suspect": 0,
        "returns": 0,
        "return_rate": 0.0,
        "customer_satisfaction": 100.0
      }
    }
  },
  "financial": {
    "simulationtime": 200.0,
    "totalrevenue": 25800.0,
    "totalcosts": 54900.552811016154,
    "netprofit": -29100.552811016154
  },
  "environment": {
    "total_energy_kwh": 6232.341400114867,
    "total_emissions_kg": 4353.3010600804255,
    "total_waste_kg": 31.55000000000002,
    "waste_recycled_kg": 15.174900000000024,
    "water_used_m3": 4.80649999999999,
    "energy_per_hour_kwh": 31.161707000574335,
    "emissions_per_hour_kg": 21.766505300402127,
    "emissions_per_unit_kg": 50.61977976837704,
    "energy_per_unit_kwh": 72.46908604784728,
    "per_machine_energy_kwh": {
      "Assembling_Machine1": 212.85035472534977,
      "Cutting_Machine1": 1674.991392303357,
      "Cutting_Machine3": 666.8571144721207,
      "Cutting_Machine4": 134.34460872421096,
      "Painting_Machine1": 1880.8393756684627,
      "Painting_Machine3": 83.53328055873169,
      "Routing_Machine1": 1556.8868736626966
    },
    "per_machine_emissions_kg": {
      "Assembling_Machine1": 148.99524830774484,
      "Cutting_Machine1": 1172.4939746123491,
      "Cutting_Machine3": 466.7999801304844,
      "Cutting_Machine4": 94.04122610694766,
      "Painting_Machine1": 1316.5875629679279,
      "Painting_Machine3": 58.47329639111218,
      "Routing_Machine1": 1089.8208115638881
    },
    "per_product_units": {
      "ProductB": 32,
      "ProductA": 54
    }
  },
  "trends": {
    "windows": {
      "4.0": {
        "oee_slope": 79999999.99999996,
        "wip_avg": 0.0,
        "worker_util_avg": 0.5647058823529412,
        "queue_p90_by_stage": {}
      },
      "24.0": {
        "oee_slope": 79999999.99999996,
        "wip_avg": 0.0,
        "worker_util_avg": 0.7987132352941176,
        "queue_p90_by_stage": {}
      }
    }
  },
  "alerts": [
    {
      "key": "profit_margin_low",
      "severity": "high",
      "title": "Profit Margin Critically Low",
      "message": "Profit margin has fallen to -9461.80%.",
      "first_seen": 60,
      "latest_seen": 200.0,
      "count": 19,
      "meta": {
        "margin": -94.61797111754143
      }
    },
    {
      "key": "emissions_high",
      "severity": "low",
      "title": "Emissions per unit high",
      "message": "50.62 kg/unit > 2.0",
      "first_seen": 200.0,
      "latest_seen": 200.0,
      "count": 1,
      "meta": {}
    }
  ],
  "analytical_comparison": {
    "__jackson_network": {
      "system_wip_analytical": 6.747960162963304,
      "nodes": {
        "Assembling": {
          "effective_lambda": 0.0,
          "mu": 0,
          "c": 4,
          "error": "Arrival rate must be less than total service capacity (\u03bb < c*\u03bc)"
        },
        "Cutting": {
          "effective_lambda": 0.5236093109377067,
          "mu": 0.15645679360691817,
          "c": 4,
          "rho": 0.836667585450495,
          "Lq": 3.4012898211613236,
          "Wq": 6.4958543519215075,
          "L": 6.747960162963304,
          "W": 12.88739528118533,
          "C_c": 0.6639923533954142,
          "model": "M/M/4"
        },
        "Painting": {
          "effective_lambda": 0.53,
          "mu": 0.10290775178132884,
          "c": 4,
          "error": "Arrival rate must be less than total service capacity (\u03bb < c*\u03bc)"
        },
        "Routing": {
          "effective_lambda": 0.5334949080809417,
          "mu": 0.10855380767478184,
          "c": 4,
          "error": "Arrival rate must be less than total service capacity (\u03bb < c*\u03bc)"
        }
      },
      "routing_matrix_P": [
        [
          0.0,
          0.0,
          0.0,
          0.0
        ],
        [
          0.0,
          0.0,
          0.35353535353535354,
          0.6464646464646465
        ],
        [
          0.0,
          0.0,
          0.0,
          0.0
        ],
        [
          0.0,
          0.35353535353535354,
          0.6464646464646465,
          0.0
        ]
      ],
      "external_arrivals_alpha": [
        0.0,
        0.335,
        0.0,
        0.195
      ]
    }
  }
}