machine,co2_kg,kwh
Assembling_Machine1,148.99524830774484,212.85035472534977
Cutting_Machine1,1172.4939746123491,1674.991392303357
Cutting_Machine3,466.7999801304844,666.8571144721207
Cutting_Machine4,94.04122610694766,134.34460872421096
Painting_Machine1,1316.5875629679279,1880.8393756684627
Painting_Machine3,58.47329639111218,83.53328055873169
Routing_Machine1,1089.8208115638881,1556.8868736626966
