{
  "timestamp": 1760938624.429897,
  "sim_time": 200.0,
  "operational": {
    "oee_nowcast": 0.7940625,
    "queues": {},
    "worker_utilization": 0.0
  },
  "quality": {
    "by_product": {
      "ProductA": {
        "produced": 181,
        "defect_rate": 0.016574585635359115,
        "rework_rate": 0.0,
        "scrap_rate": 0.0,
        "escape_rate": 0.0,
        "fpy": 0.9834254143646409,
        "rty_proxy": 0.9834254143646409,
        "shipped_good": 0,
        "shipped_suspect": 0,
        "returns": 0,
        "return_rate": 0.0,
        "customer_satisfaction": 100.0
      },
      "ProductB": {
        "produced": 102,
        "defect_rate": 0.00980392156862745,
        "rework_rate": 0.0,
        "scrap_rate": 0.0,
        "escape_rate": 0.0,
        "fpy": 0.9901960784313726,
        "rty_proxy": 0.9901960784313726,
        "shipped_good": 0,
        "shipped_suspect": 0,
        "returns": 0,
        "return_rate": 0.0,
        "customer_satisfaction": 100.0
      }
    }
  },
  "financial": {
    "simulationtime": 200.0,
    "totalrevenue": 24900.0,
    "totalcosts": 51862.26247329888,
    "netprofit": -26962.262473298877
  },
  "environment": {
    "total_energy_kwh": 6243.806634573796,
    "total_emissions_kg": 4361.359604201668,
    "total_waste_kg": 30.97300000000001,
    "waste_recycled_kg": 14.886850000000022,
    "water_used_m3": 4.656499999999991,
    "energy_per_hour_kwh": 31.21903317286898,
    "emissions_per_hour_kg": 21.80679802100834,
    "emissions_per_unit_kg": 52.54650125544178,
    "energy_per_unit_kwh": 75.22658595872043,
    "per_machine_energy_kwh": {
      "Assembling_Machine1": 408.3503882818446,
      "Assembling_Machine2": 58.14808764239923,
      "Assembling_Machine3": 340.8958340961991,
      "Assembling_Machine4": 17.135498360581522,
      "Cutting_Machine1": 1819.3038671265901,
      "Painting_Machine1": 1907.6528461369833,
      "Painting_Machine2": 85.59780144362719,
      "Routing_Machine1": 1518.6258249918276,
      "Routing_Machine2": 66.13568649377972
    },
    "per_machine_emissions_kg": {
      "Assembling_Machine1": 285.84527179729116,
      "Assembling_Machine2": 40.703661349679464,
      "Assembling_Machine3": 238.62708386733937,
      "Assembling_Machine4": 11.994848852407065,
      "Cutting_Machine1": 1273.5127069886125,
      "Painting_Machine1": 1335.3569922958904,
      "Painting_Machine2": 59.91846101053903,
      "Routing_Machine1": 1063.0380774942792,
      "Routing_Machine2": 46.29498054564579
    },
    "per_product_units": {
      "ProductA": 51,
      "ProductB": 32
    }
  },
  "trends": {
    "windows": {
      "4.0": {
        "oee_slope": 79999999.99999996,
        "wip_avg": 0.0,
        "worker_util_avg": 0.49411764705882355,
        "queue_p90_by_stage": {}
      },
      "24.0": {
        "oee_slope": 79999999.99999996,
        "wip_avg": 0.0,
        "worker_util_avg": 0.7619909502262443,
        "queue_p90_by_stage": {}
      }
    }
  },
  "alerts": [
    {
      "key": "profit_margin_low",
      "severity": "high",
      "title": "Profit Margin Critically Low",
      "message": "Profit margin has fallen to -10554.48%.",
      "first_seen": 60,
      "latest_seen": 200.0,
      "count": 19,
      "meta": {
        "margin": -105.54480867041612
      }
    },
    {
      "key": "emissions_high",
      "severity": "low",
      "title": "Emissions per unit high",
      "message": "52.55 kg/unit > 2.0",
      "first_seen": 200.0,
      "latest_seen": 200.0,
      "count": 1,
      "meta": {}
    }
  ],
  "analytical_comparison": {
    "__jackson_network": {
      "system_wip_analytical": 0,
      "nodes": {
        "Assembling": {
          "effective_lambda": 0.0,
          "mu": 0,
          "c": 4,
          "error": "Arrival rate must be less than total service capacity (\u03bb < c*\u03bc)"
        },
        "Cutting": {
          "effective_lambda": 0.515210355987055,
          "mu": 0.1238226333422413,
          "c": 4,
          "error": "Arrival rate must be less than total service capacity (\u03bb < c*\u03bc)"
        },
        "Painting": {
          "effective_lambda": 0.515,
          "mu": 0.10958628180618324,
          "c": 4,
          "error": "Arrival rate must be less than total service capacity (\u03bb < c*\u03bc)"
        },
        "Routing": {
          "effective_lambda": 0.5148867313915858,
          "mu": 0.10313050736571494,
          "c": 4,
          "error": "Arrival rate must be less than total service capacity (\u03bb < c*\u03bc)"
        }
      },
      "routing_matrix_P": [
        [
          0.0,
          0.0,
          0.0,
          0.0
        ],
        [
          0.0,
          0.0,
          0.35,
          0.65
        ],
        [
          0.0,
          0.0,
          0.0,
          0.0
        ],
        [
          0.0,
          0.35,
          0.65,
          0.0
        ]
      ],
      "external_arrivals_alpha": [
        0.0,
        0.335,
        0.0,
        0.18
      ]
    }
  }
}