machine,co2_kg,kwh
Assembling_Machine1,285.84527179729116,408.3503882818446
Assembling_Machine2,40.703661349679464,58.14808764239923
Assembling_Machine3,238.62708386733937,340.8958340961991
Assembling_Machine4,11.994848852407065,17.135498360581522
Cutting_Machine1,1273.5127069886125,1819.3038671265901
Painting_Machine1,1335.3569922958904,1907.6528461369833
Painting_Machine2,59.91846101053903,85.59780144362719
Routing_Machine1,1063.0380774942792,1518.6258249918276
Routing_Machine2,46.29498054564579,66.13568649377972
