machine,co2_kg,kwh
Assembling_Machine3,124.36938931190659,177.67055615986658
Assembling_Machine4,126.72681904171094,181.03831291672992
Cutting_Machine1,1158.2319871020943,1654.6171244315672
Painting_Machine1,1559.5190314683973,2227.8843306691338
Painting_Machine2,86.03256512424466,122.90366446320667
Routing_Machine1,977.0953332679161,1395.850476097022
