{
  "simulationtime": 200.0,
  "totalrevenue": 25200.0,
  "totalcosts": 51855.86904485315,
  "netprofit": -26655.86904485315,
  "environment": {
    "total_energy_kwh": 5781.69246473748,
    "total_emissions_kg": 4037.978325316263,
    "total_waste_kg": 31.056000000000008,
    "waste_recycled_kg": 14.928200000000016,
    "water_used_m3": 4.706499999999991,
    "energy_per_hour_kwh": 28.9084623236874,
    "emissions_per_hour_kg": 20.189891626581314,
    "emissions_per_unit_kg": 48.071170539479326,
    "energy_per_unit_kwh": 68.82967219925571,
    "per_machine_energy_kwh": {
      "Assembling_Machine3": 177.67055615986658,
      "Assembling_Machine4": 181.03831291672992,
      "Cutting_Machine1": 1654.6171244315672,
      "Painting_Machine1": 2227.8843306691338,
      "Painting_Machine2": 122.90366446320667,
      "Routing_Machine1": 1395.850476097022
    },
    "per_machine_emissions_kg": {
      "Assembling_Machine3": 124.36938931190659,
      "Assembling_Machine4": 126.72681904171094,
      "Cutting_Machine1": 1158.2319871020943,
      "Painting_Machine1": 1559.5190314683973,
      "Painting_Machine2": 86.03256512424466,
      "Routing_Machine1": 977.0953332679161
    },
    "per_product_units": {
      "ProductA": 52,
      "ProductB": 32
    }
  }
}