{
  "timestamp": 1760938609.9278066,
  "sim_time": 200.0,
  "operational": {
    "oee_nowcast": 0.7940625,
    "queues": {},
    "worker_utilization": 0.0
  },
  "quality": {
    "by_product": {
      "ProductA": {
        "produced": 191,
        "defect_rate": 0.03664921465968586,
        "rework_rate": 0.0,
        "scrap_rate": 0.0,
        "escape_rate": 0.0,
        "fpy": 0.9633507853403142,
        "rty_proxy": 0.9633507853403142,
        "shipped_good": 0,
        "shipped_suspect": 0,
        "returns": 0,
        "return_rate": 0.0,
        "customer_satisfaction": 100.0
      },
      "ProductB": {
        "produced": 105,
        "defect_rate": 0.0,
        "rework_rate": 0.0,
        "scrap_rate": 0.0,
        "escape_rate": 0.0,
        "fpy": 1.0,
        "rty_proxy": 1.0,
        "shipped_good": 0,
        "shipped_suspect": 0,
        "returns": 0,
        "return_rate": 0.0,
        "customer_satisfaction": 100.0
      }
    }
  },
  "financial": {
    "simulationtime": 200.0,
    "totalrevenue": 28500.0,
    "totalcosts": 59665.78704186943,
    "netprofit": -31165.78704186943
  },
  "environment": {
    "total_energy_kwh": 8793.615068651216,
    "total_emissions_kg": 6145.7980680558285,
    "total_waste_kg": 34.01800000000003,
    "waste_recycled_kg": 16.370800000000024,
    "water_used_m3": 5.2964999999999876,
    "energy_per_hour_kwh": 43.968075343256075,
    "emissions_per_hour_kg": 30.728990340279143,
    "emissions_per_unit_kg": 64.69261124269293,
    "energy_per_unit_kwh": 92.56436914369701,
    "per_machine_energy_kwh": {
      "Assembling_Machine1": 203.04171180579948,
      "Assembling_Machine2": 81.96590621810489,
      "Assembling_Machine3": 14.61395375767853,
      "Assembling_Machine4": 357.78453555940155,
      "Cutting_Machine1": 1573.7307838222987,
      "Cutting_Machine2": 429.38564884417093,
      "Cutting_Machine3": 764.894987849458,
      "Cutting_Machine4": 765.6628631887378,
      "Painting_Machine1": 2563.188864650747,
      "Painting_Machine2": 128.07554025481045,
      "Routing_Machine1": 1632.0167031179494,
      "Routing_Machine2": 256.28396958208907
    },
    "per_machine_emissions_kg": {
      "Assembling_Machine1": 142.12919826405962,
      "Assembling_Machine2": 57.376134352673425,
      "Assembling_Machine3": 10.22976763037497,
      "Assembling_Machine4": 250.44917489158107,
      "Cutting_Machine1": 1101.6115486756084,
      "Cutting_Machine2": 300.56995419091965,
      "Cutting_Machine3": 535.4264914946206,
      "Cutting_Machine4": 535.9640042321164,
      "Painting_Machine1": 1794.2322052555255,
      "Painting_Machine2": 89.6528781783673,
      "Routing_Machine1": 1142.4116921825625,
      "Routing_Machine2": 179.39877870746236
    },
    "per_product_units": {
      "ProductB": 35,
      "ProductA": 60
    }
  },
  "trends": {
    "windows": {
      "4.0": {
        "oee_slope": 40000000.00000003,
        "wip_avg": 0.0,
        "worker_util_avg": 0.7005347593582887,
        "queue_p90_by_stage": {}
      },
      "24.0": {
        "oee_slope": 40000000.00000003,
        "wip_avg": 0.0,
        "worker_util_avg": 0.7553282182438192,
        "queue_p90_by_stage": {}
      }
    }
  },
  "alerts": [
    {
      "key": "profit_margin_low",
      "severity": "high",
      "title": "Profit Margin Critically Low",
      "message": "Profit margin has fallen to -9061.33%.",
      "first_seen": 60,
      "latest_seen": 200.0,
      "count": 19,
      "meta": {
        "margin": -90.61326020503454
      }
    },
    {
      "key": "emissions_high",
      "severity": "low",
      "title": "Emissions per unit high",
      "message": "64.69 kg/unit > 2.0",
      "first_seen": 200.0,
      "latest_seen": 200.0,
      "count": 1,
      "meta": {}
    }
  ],
  "analytical_comparison": {
    "__jackson_network": {
      "system_wip_analytical": 4.416414592426571,
      "nodes": {
        "Assembling": {
          "effective_lambda": 0.0,
          "mu": 0,
          "c": 4,
          "error": "Arrival rate must be less than total service capacity (\u03bb < c*\u03bc)"
        },
        "Cutting": {
          "effective_lambda": 0.5678872694440862,
          "mu": 0.190994072299398,
          "c": 4,
          "rho": 0.74333101363727,
          "Lq": 1.4430905378774914,
          "Wq": 2.5411566969799404,
          "L": 4.416414592426571,
          "W": 7.776921283602412,
          "C_c": 0.49829292575085293,
          "model": "M/M/4"
        },
        "Painting": {
          "effective_lambda": 0.5750000000000001,
          "mu": 0.11170252454654235,
          "c": 4,
          "error": "Arrival rate must be less than total service capacity (\u03bb < c*\u03bc)"
        },
        "Routing": {
          "effective_lambda": 0.5880239907132723,
          "mu": 0.10892338014454925,
          "c": 4,
          "error": "Arrival rate must be less than total service capacity (\u03bb < c*\u03bc)"
        }
      },
      "routing_matrix_P": [
        [
          0.0,
          0.0,
          0.0,
          0.0
        ],
        [
          0.0,
          0.0,
          0.3431372549019608,
          0.6568627450980392
        ],
        [
          0.0,
          0.0,
          0.0,
          0.0
        ],
        [
          0.0,
          0.35353535353535354,
          0.6464646464646465,
          0.0
        ]
      ],
      "external_arrivals_alpha": [
        0.0,
        0.36,
        0.0,
        0.215
      ]
    }
  }
}