{
  "simulationtime": 200.0,
  "totalrevenue": 28500.0,
  "totalcosts": 59665.78704186943,
  "netprofit": -31165.78704186943,
  "environment": {
    "total_energy_kwh": 8793.615068651216,
    "total_emissions_kg": 6145.7980680558285,
    "total_waste_kg": 34.01800000000003,
    "waste_recycled_kg": 16.370800000000024,
    "water_used_m3": 5.2964999999999876,
    "energy_per_hour_kwh": 43.968075343256075,
    "emissions_per_hour_kg": 30.728990340279143,
    "emissions_per_unit_kg": 64.69261124269293,
    "energy_per_unit_kwh": 92.56436914369701,
    "per_machine_energy_kwh": {
      "Assembling_Machine1": 203.04171180579948,
      "Assembling_Machine2": 81.96590621810489,
      "Assembling_Machine3": 14.61395375767853,
      "Assembling_Machine4": 357.78453555940155,
      "Cutting_Machine1": 1573.7307838222987,
      "Cutting_Machine2": 429.38564884417093,
      "Cutting_Machine3": 764.894987849458,
      "Cutting_Machine4": 765.6628631887378,
      "Painting_Machine1": 2563.188864650747,
      "Painting_Machine2": 128.07554025481045,
      "Routing_Machine1": 1632.0167031179494,
      "Routing_Machine2": 256.28396958208907
    },
    "per_machine_emissions_kg": {
      "Assembling_Machine1": 142.12919826405962,
      "Assembling_Machine2": 57.376134352673425,
      "Assembling_Machine3": 10.22976763037497,
      "Assembling_Machine4": 250.44917489158107,
      "Cutting_Machine1": 1101.6115486756084,
      "Cutting_Machine2": 300.56995419091965,
      "Cutting_Machine3": 535.4264914946206,
      "Cutting_Machine4": 535.9640042321164,
      "Painting_Machine1": 1794.2322052555255,
      "Painting_Machine2": 89.6528781783673,
      "Routing_Machine1": 1142.4116921825625,
      "Routing_Machine2": 179.39877870746236
    },
    "per_product_units": {
      "ProductB": 35,
      "ProductA": 60
    }
  }
}