machine,co2_kg,kwh
Assembling_Machine3,203.5394107753751,290.77058682196446
Assembling_Machine4,58.118439518686856,83.02634216955265
Cutting_Machine1,1399.231758737963,1998.902512482806
Painting_Machine1,1475.267101148654,2107.524430212363
Painting_Machine3,151.76368173199523,216.80525961713607
Routing_Machine1,1093.1536542326096,1561.648077475158
