{
  "timestamp": 1760938613.7420218,
  "sim_time": 200.0,
  "operational": {
    "oee_nowcast": 0.8059375,
    "queues": {},
    "worker_utilization": 0.0
  },
  "quality": {
    "by_product": {
      "ProductA": {
        "produced": 181,
        "defect_rate": 0.022099447513812154,
        "rework_rate": 0.0,
        "scrap_rate": 0.0,
        "escape_rate": 0.0,
        "fpy": 0.9779005524861878,
        "rty_proxy": 0.9779005524861878,
        "shipped_good": 0,
        "shipped_suspect": 0,
        "returns": 0,
        "return_rate": 0.0,
        "customer_satisfaction": 100.0
      },
      "ProductB": {
        "produced": 98,
        "defect_rate": 0.02040816326530612,
        "rework_rate": 0.0,
        "scrap_rate": 0.0,
        "escape_rate": 0.0,
        "fpy": 0.9795918367346939,
        "rty_proxy": 0.9795918367346939,
        "shipped_good": 0,
        "shipped_suspect": 0,
        "returns": 0,
        "return_rate": 0.0,
        "customer_satisfaction": 100.0
      }
    }
  },
  "financial": {
    "simulationtime": 200.0,
    "totalrevenue": 24600.0,
    "totalcosts": 53118.226829086656,
    "netprofit": -28518.226829086656
  },
  "environment": {
    "total_energy_kwh": 6278.6572847626985,
    "total_emissions_kg": 4385.886579333896,
    "total_waste_kg": 30.524000000000004,
    "waste_recycled_kg": 14.701800000000018,
    "water_used_m3": 4.576499999999991,
    "energy_per_hour_kwh": 31.393286423813493,
    "emissions_per_hour_kg": 21.929432896669482,
    "emissions_per_unit_kg": 53.48642169919386,
    "energy_per_unit_kwh": 76.56899127759388,
    "per_machine_energy_kwh": {
      "Assembling_Machine3": 290.77058682196446,
      "Assembling_Machine4": 83.02634216955265,
      "Cutting_Machine1": 1998.902512482806,
      "Painting_Machine1": 2105.8541061961314,
      "Painting_Machine3": 216.80525961713607,
      "Routing_Machine1": 1561.648077475158
    },
    "per_machine_emissions_kg": {
      "Assembling_Machine3": 203.5394107753751,
      "Assembling_Machine4": 58.118439518686856,
      "Cutting_Machine1": 1399.231758737963,
      "Painting_Machine1": 1474.0978743372925,
      "Painting_Machine3": 151.76368173199523,
      "Routing_Machine1": 1093.1536542326096
    },
    "per_product_units": {
      "ProductB": 29,
      "ProductA": 53
    }
  },
  "trends": {
    "windows": {
      "4.0": {
        "oee_slope": 0.0,
        "wip_avg": 0.0,
        "worker_util_avg": 0.788235294117647,
        "queue_p90_by_stage": {}
      },
      "24.0": {
        "oee_slope": 0.0,
        "wip_avg": 0.0,
        "worker_util_avg": 0.7790697674418605,
        "queue_p90_by_stage": {}
      }
    }
  },
  "alerts": [
    {
      "key": "profit_margin_low",
      "severity": "high",
      "title": "Profit Margin Critically Low",
      "message": "Profit margin has fallen to -9251.18%.",
      "first_seen": 60,
      "latest_seen": 200.0,
      "count": 19,
      "meta": {
        "margin": -92.5117958929675
      }
    },
    {
      "key": "emissions_high",
      "severity": "low",
      "title": "Emissions per unit high",
      "message": "53.49 kg/unit > 2.0",
      "first_seen": 200.0,
      "latest_seen": 200.0,
      "count": 1,
      "meta": {}
    }
  ],
  "analytical_comparison": {
    "__jackson_network": {
      "system_wip_analytical": 14.287707726153727,
      "nodes": {
        "Assembling": {
          "effective_lambda": 0.0,
          "mu": 0,
          "c": 4,
          "error": "Arrival rate must be less than total service capacity (\u03bb < c*\u03bc)"
        },
        "Cutting": {
          "effective_lambda": 0.5192601319509896,
          "mu": 0.14014017286744673,
          "c": 4,
          "rho": 0.9263227690644746,
          "Lq": 10.582416649895828,
          "Wq": 20.379798098758425,
          "L": 14.287707726153727,
          "W": 27.51551071805041,
          "C_c": 0.8416970643588438,
          "model": "M/M/4"
        },
        "Painting": {
          "effective_lambda": 0.51,
          "mu": 0.08248631676923816,
          "c": 4,
          "error": "Arrival rate must be less than total service capacity (\u03bb < c*\u03bc)"
        },
        "Routing": {
          "effective_lambda": 0.515928369462771,
          "mu": 0.11616678197963454,
          "c": 4,
          "error": "Arrival rate must be less than total service capacity (\u03bb < c*\u03bc)"
        }
      },
      "routing_matrix_P": [
        [
          0.0,
          0.0,
          0.0,
          0.0
        ],
        [
          0.0,
          0.0,
          0.3434343434343434,
          0.6565656565656566
        ],
        [
          0.0,
          0.0,
          0.0,
          0.0
        ],
        [
          0.0,
          0.35714285714285715,
          0.6428571428571429,
          0.0
        ]
      ],
      "external_arrivals_alpha": [
        0.0,
        0.335,
        0.0,
        0.175
      ]
    }
  }
}