{
  "by_product": {
    "ProductA": {
      "produced": 181,
      "defect_rate": 0.022099447513812154,
      "rework_rate": 0.0,
      "scrap_rate": 0.0,
      "escape_rate": 0.0,
      "fpy": 0.9779005524861878,
      "rty_proxy": 0.9779005524861878,
      "shipped_good": 0,
      "shipped_suspect": 0,
      "returns": 0,
      "return_rate": 0.0,
      "customer_satisfaction": 100.0
    },
    "ProductB": {
      "produced": 98,
      "defect_rate": 0.02040816326530612,
      "rework_rate": 0.0,
      "scrap_rate": 0.0,
      "escape_rate": 0.0,
      "fpy": 0.9795918367346939,
      "rty_proxy": 0.9795918367346939,
      "shipped_good": 0,
      "shipped_suspect": 0,
      "returns": 0,
      "return_rate": 0.0,
      "customer_satisfaction": 100.0
    }
  }
}