machine,co2_kg,kwh
Assembling_Machine3,124.36938931190659,177.67055615986658
Assembling_Machine4,126.72681904171094,181.03831291672992
Cutting_Machine1,1158.8129403370574,1655.4470576243718
Painting_Machine1,1566.714652035003,2238.163788621427
Painting_Machine2,86.03256512424466,122.90366446320667
Routing_Machine1,977.0953332679161,1395.850476097022
