{
  "timestamp": 1761126132.3885264,
  "sim_time": 500.0,
  "operational": {
    "oee_nowcast": 0.79425,
    "queues": {},
    "worker_utilization": 0.8038984839920348
  },
  "quality": {
    "by_product": {
      "ProductA": {
        "produced": 416,
        "defect_rate": 0.009615384615384616,
        "rework_rate": 0.0,
        "scrap_rate": 0.0,
        "escape_rate": 0.0,
        "fpy": 0.9903846153846154,
        "rty_proxy": 0.9903846153846154,
        "shipped_good": 0,
        "shipped_suspect": 0,
        "returns": 0,
        "return_rate": 0.0,
        "customer_satisfaction": 100.0
      },
      "ProductB": {
        "produced": 294,
        "defect_rate": 0.013605442176870748,
        "rework_rate": 0.0,
        "scrap_rate": 0.0,
        "escape_rate": 0.0,
        "fpy": 0.9863945578231292,
        "rty_proxy": 0.9863945578231292,
        "shipped_good": 0,
        "shipped_suspect": 0,
        "returns": 0,
        "return_rate": 0.0,
        "customer_satisfaction": 100.0
      }
    }
  },
  "financial": {
    "simulationtime": 500.0,
    "totalrevenue": 218400.0,
    "totalcosts": 159926.07522111514,
    "netprofit": 58473.92477888486
  },
  "environment": {
    "total_energy_kwh": 23535.7310420731,
    "total_emissions_kg": 16451.666929450887,
    "total_waste_kg": 81.40100000000056,
    "waste_recycled_kg": 38.933050000000165,
    "water_used_m3": 12.998000000000054,
    "energy_per_hour_kwh": 47.071462084146205,
    "emissions_per_hour_kg": 32.903333858901775,
    "emissions_per_unit_kg": 70.91235745452968,
    "energy_per_unit_kwh": 101.44711656065992,
    "per_machine_energy_kwh": {
      "Assembling_Machine1": 932.8503547253499,
      "Assembling_Machine2": 232.0,
      "Assembling_Machine3": 674.4982054394859,
      "Assembling_Machine4": 642.4278146809679,
      "Cutting_Machine1": 4589.2783543245105,
      "Cutting_Machine3": 1858.8571144721207,
      "Cutting_Machine4": 1326.344608724211,
      "Painting_Machine1": 5362.254599177764,
      "Painting_Machine2": 1289.0901707360608,
      "Painting_Machine3": 1863.5332805587316,
      "Painting_Machine4": 712.8794251417645,
      "Routing_Machine1": 3902.121503981074,
      "Routing_Machine2": 94.49961011050002
    },
    "per_machine_emissions_kg": {
      "Assembling_Machine1": 652.9952483077448,
      "Assembling_Machine2": 162.4,
      "Assembling_Machine3": 472.14874380764013,
      "Assembling_Machine4": 449.6994702766776,
      "Cutting_Machine1": 3212.494848027151,
      "Cutting_Machine3": 1301.1999801304846,
      "Cutting_Machine4": 928.4412261069476,
      "Painting_Machine1": 3753.5782194244325,
      "Painting_Machine2": 902.3631195152425,
      "Painting_Machine3": 1304.473296391112,
      "Painting_Machine4": 499.0155975992351,
      "Routing_Machine1": 2731.485052786738,
      "Routing_Machine2": 66.14972707735001
    },
    "per_product_units": {
      "ProductB": 96,
      "ProductA": 136
    }
  },
  "trends": {
    "windows": {
      "4.0": {
        "oee_slope": 75999999.99999996,
        "wip_avg": 0.0,
        "worker_util_avg": 0.0,
        "queue_p90_by_stage": {}
      },
      "24.0": {
        "oee_slope": 75999999.99999996,
        "wip_avg": 0.0,
        "worker_util_avg": 0.8522727272727273,
        "queue_p90_by_stage": {}
      }
    }
  },
  "alerts": [
    {
      "key": "emissions_high",
      "severity": "low",
      "title": "Emissions per unit high",
      "message": "70.91 kg/unit > 2.0",
      "first_seen": 500.0,
      "latest_seen": 500.0,
      "count": 1,
      "meta": {}
    }
  ],
  "analytical_comparison": {
    "__jackson_network": {
      "system_wip_analytical": 3.6028683250893274,
      "nodes": {
        "Assembling": {
          "effective_lambda": 0.0,
          "mu": 0,
          "c": 4,
          "error": "Arrival rate must be less than total service capacity (\u03bb < c*\u03bc)"
        },
        "Cutting": {
          "effective_lambda": 0.5039327305269519,
          "mu": 0.1843765552207437,
          "c": 4,
          "rho": 0.6832928540231451,
          "Lq": 0.8696969089967478,
          "Wq": 1.7258194523053185,
          "L": 3.6028683250893274,
          "W": 7.149502516579711,
          "C_c": 0.40310567319927304,
          "model": "M/M/4"
        },
        "Painting": {
          "effective_lambda": 0.504,
          "mu": 0.10629977416323862,
          "c": 4,
          "error": "Arrival rate must be less than total service capacity (\u03bb < c*\u03bc)"
        },
        "Routing": {
          "effective_lambda": 0.5112992259594151,
          "mu": 0.10303630148898053,
          "c": 4,
          "error": "Arrival rate must be less than total service capacity (\u03bb < c*\u03bc)"
        }
      },
      "routing_matrix_P": [
        [
          0.0,
          0.0,
          0.0,
          0.0
        ],
        [
          0.0,
          0.0,
          0.4100418410041841,
          0.5899581589958159
        ],
        [
          0.0,
          0.0,
          0.0,
          0.0
        ],
        [
          0.0,
          0.41841004184100417,
          0.5815899581589958,
          0.0
        ]
      ],
      "external_arrivals_alpha": [
        0.0,
        0.29,
        0.0,
        0.214
      ]
    }
  }
}