{
  "simulationtime": 200.0,
  "totalrevenue": 24900.0,
  "totalcosts": 53404.610363347594,
  "netprofit": -28504.610363347594,
  "environment": {
    "total_energy_kwh": 6665.424333008631,
    "total_emissions_kg": 4656.722153106054,
    "total_waste_kg": 30.718000000000014,
    "waste_recycled_kg": 14.777400000000016,
    "water_used_m3": 4.644999999999992,
    "energy_per_hour_kwh": 33.32712166504316,
    "emissions_per_hour_kg": 23.28361076553027,
    "emissions_per_unit_kg": 56.105086182000655,
    "energy_per_unit_kwh": 80.30631726516422,
    "per_machine_energy_kwh": {
      "Assembling_Machine1": 180.6517961311724,
      "Assembling_Machine2": 391.38839905262466,
      "Assembling_Machine4": 151.55234774180695,
      "Cutting_Machine1": 1612.627961825235,
      "Cutting_Machine4": 358.1764842148093,
      "Painting_Machine1": 2134.0700004034347,
      "Routing_Machine1": 1815.5397436396047
    },
    "per_machine_emissions_kg": {
      "Assembling_Machine1": 126.45625729182066,
      "Assembling_Machine2": 273.9718793368372,
      "Assembling_Machine4": 106.08664341926486,
      "Cutting_Machine1": 1128.8395732776635,
      "Cutting_Machine4": 250.7235389503665,
      "Painting_Machine1": 1493.8490002824058,
      "Routing_Machine1": 1270.8778205477208
    },
    "per_product_units": {
      "ProductB": 31,
      "ProductA": 52
    }
  }
}