{
  "timestamp": 1760938604.3785734,
  "sim_time": 200.0,
  "operational": {
    "oee_nowcast": 0.8006249999999999,
    "queues": {},
    "worker_utilization": 0.0
  },
  "quality": {
    "by_product": {
      "ProductA": {
        "produced": 186,
        "defect_rate": 0.016129032258064516,
        "rework_rate": 0.0,
        "scrap_rate": 0.0,
        "escape_rate": 0.0,
        "fpy": 0.9838709677419355,
        "rty_proxy": 0.9838709677419355,
        "shipped_good": 0,
        "shipped_suspect": 0,
        "returns": 0,
        "return_rate": 0.0,
        "customer_satisfaction": 100.0
      },
      "ProductB": {
        "produced": 102,
        "defect_rate": 0.0196078431372549,
        "rework_rate": 0.0,
        "scrap_rate": 0.0,
        "escape_rate": 0.0,
        "fpy": 0.9803921568627451,
        "rty_proxy": 0.9803921568627451,
        "shipped_good": 0,
        "shipped_suspect": 0,
        "returns": 0,
        "return_rate": 0.0,
        "customer_satisfaction": 100.0
      }
    }
  },
  "financial": {
    "simulationtime": 200.0,
    "totalrevenue": 26700.0,
    "totalcosts": 58025.42028895834,
    "netprofit": -31325.42028895834
  },
  "environment": {
    "total_energy_kwh": 7089.1032403177405,
    "total_emissions_kg": 4952.902828222414,
    "total_waste_kg": 32.27400000000002,
    "waste_recycled_kg": 15.52590000000003,
    "water_used_m3": 4.96849999999999,
    "energy_per_hour_kwh": 35.4455162015887,
    "emissions_per_hour_kg": 24.764514141112073,
    "emissions_per_unit_kg": 55.650593575532746,
    "energy_per_unit_kwh": 79.65284539682854,
    "per_machine_energy_kwh": {
      "Assembling_Machine1": 23.66767232326569,
      "Assembling_Machine2": 423.02305340428796,
      "Assembling_Machine4": 157.20487394597734,
      "Cutting_Machine1": 1838.2803268979949,
      "Cutting_Machine3": 381.74873667331417,
      "Painting_Machine1": 2280.7191059648258,
      "Painting_Machine2": 70.13949858122163,
      "Painting_Machine4": 335.34962484455764,
      "Routing_Machine1": 1556.6215476823468
    },
    "per_machine_emissions_kg": {
      "Assembling_Machine1": 16.567370626285985,
      "Assembling_Machine2": 296.11613738300156,
      "Assembling_Machine4": 110.04341176218412,
      "Cutting_Machine1": 1286.7962288285944,
      "Cutting_Machine3": 267.2241156713199,
      "Painting_Machine1": 1596.5033741753782,
      "Painting_Machine2": 49.097649006855136,
      "Painting_Machine4": 234.74473739119034,
      "Routing_Machine1": 1089.6350833776412
    },
    "per_product_units": {
      "ProductB": 33,
      "ProductA": 56
    }
  },
  "trends": {
    "windows": {
      "4.0": {
        "oee_slope": 40000000.00000003,
        "wip_avg": 0.0,
        "worker_util_avg": 0.6968325791855203,
        "queue_p90_by_stage": {}
      },
      "24.0": {
        "oee_slope": 40000000.00000003,
        "wip_avg": 0.0,
        "worker_util_avg": 0.7607843137254902,
        "queue_p90_by_stage": {}
      }
    }
  },
  "alerts": [
    {
      "key": "profit_margin_low",
      "severity": "high",
      "title": "Profit Margin Critically Low",
      "message": "Profit margin has fallen to -7985.67%.",
      "first_seen": 60,
      "latest_seen": 200.0,
      "count": 19,
      "meta": {
        "margin": -79.85671098822465
      }
    },
    {
      "key": "emissions_high",
      "severity": "low",
      "title": "Emissions per unit high",
      "message": "55.65 kg/unit > 2.0",
      "first_seen": 200.0,
      "latest_seen": 200.0,
      "count": 1,
      "meta": {}
    }
  ],
  "analytical_comparison": {
    "__jackson_network": {
      "system_wip_analytical": 9.73233737923084,
      "nodes": {
        "Assembling": {
          "effective_lambda": 0.0,
          "mu": 0,
          "c": 4,
          "error": "Arrival rate must be less than total service capacity (\u03bb < c*\u03bc)"
        },
        "Cutting": {
          "effective_lambda": 0.5380105401844533,
          "mu": 0.15120518666552787,
          "c": 4,
          "rho": 0.8895371780046059,
          "Lq": 6.174188667212414,
          "Wq": 11.475962283370203,
          "L": 9.73233737923084,
          "W": 18.089492030944548,
          "C_c": 0.766711409681781,
          "model": "M/M/4"
        },
        "Painting": {
          "effective_lambda": 0.5450000000000002,
          "mu": 0.09412782800866959,
          "c": 4,
          "error": "Arrival rate must be less than total service capacity (\u03bb < c*\u03bc)"
        },
        "Routing": {
          "effective_lambda": 0.5600869565217392,
          "mu": 0.12995553606989266,
          "c": 4,
          "error": "Arrival rate must be less than total service capacity (\u03bb < c*\u03bc)"
        }
      },
      "routing_matrix_P": [
        [
          0.0,
          0.0,
          0.0,
          0.0
        ],
        [
          0.0,
          0.0,
          0.34,
          0.66
        ],
        [
          0.0,
          0.0,
          0.0,
          0.0
        ],
        [
          0.0,
          0.35353535353535354,
          0.6464646464646465,
          0.0
        ]
      ],
      "external_arrivals_alpha": [
        0.0,
        0.34,
        0.0,
        0.205
      ]
    }
  }
}