machine,co2_kg,kwh
Assembling_Machine1,285.84527179729116,408.3503882818446
Assembling_Machine2,40.703661349679464,58.14808764239923
Assembling_Machine3,238.62708386733937,340.8958340961991
Assembling_Machine4,11.994848852407065,17.135498360581522
Cutting_Machine1,1274.0576005135586,1820.0822864479421
Painting_Machine1,1332.3741090006956,1903.3915842867048
Painting_Machine2,59.91846101053903,85.59780144362719
Routing_Machine1,1063.0380774942792,1518.6258249918276
Routing_Machine2,46.29498054564579,66.13568649377972
