{
  "simulationtime": 200.0,
  "totalrevenue": 24900.0,
  "totalcosts": 51862.26247329888,
  "netprofit": -26962.262473298877,
  "environment": {
    "total_energy_kwh": 6240.323792044869,
    "total_emissions_kg": 4358.921614431419,
    "total_waste_kg": 30.97300000000001,
    "waste_recycled_kg": 14.886850000000022,
    "water_used_m3": 4.656499999999991,
    "energy_per_hour_kwh": 31.201618960224344,
    "emissions_per_hour_kg": 21.794608072157093,
    "emissions_per_unit_kg": 52.51712788471589,
    "energy_per_unit_kwh": 75.1846240005406,
    "per_machine_energy_kwh": {
      "Assembling_Machine1": 408.3503882818446,
      "Assembling_Machine2": 58.14808764239923,
      "Assembling_Machine3": 340.8958340961991,
      "Assembling_Machine4": 17.135498360581522,
      "Cutting_Machine1": 1820.0822864479421,
      "Painting_Machine1": 1903.3915842867048,
      "Painting_Machine2": 85.59780144362719,
      "Routing_Machine1": 1518.6258249918276,
      "Routing_Machine2": 66.13568649377972
    },
    "per_machine_emissions_kg": {
      "Assembling_Machine1": 285.84527179729116,
      "Assembling_Machine2": 40.703661349679464,
      "Assembling_Machine3": 238.62708386733937,
      "Assembling_Machine4": 11.994848852407065,
      "Cutting_Machine1": 1274.0576005135586,
      "Painting_Machine1": 1332.3741090006956,
      "Painting_Machine2": 59.91846101053903,
      "Routing_Machine1": 1063.0380774942792,
      "Routing_Machine2": 46.29498054564579
    },
    "per_product_units": {
      "ProductA": 51,
      "ProductB": 32
    }
  }
}