{
  "timestamp": 1760938629.6353629,
  "sim_time": 200.0,
  "operational": {
    "oee_nowcast": 0.8075,
    "queues": {},
    "worker_utilization": 0.0
  },
  "quality": {
    "by_product": {
      "ProductA": {
        "produced": 181,
        "defect_rate": 0.011049723756906077,
        "rework_rate": 0.0,
        "scrap_rate": 0.0,
        "escape_rate": 0.0,
        "fpy": 0.988950276243094,
        "rty_proxy": 0.988950276243094,
        "shipped_good": 0,
        "shipped_suspect": 0,
        "returns": 0,
        "return_rate": 0.0,
        "customer_satisfaction": 100.0
      },
      "ProductB": {
        "produced": 101,
        "defect_rate": 0.019801980198019802,
        "rework_rate": 0.0,
        "scrap_rate": 0.0,
        "escape_rate": 0.0,
        "fpy": 0.9801980198019802,
        "rty_proxy": 0.9801980198019802,
        "shipped_good": 0,
        "shipped_suspect": 0,
        "returns": 0,
        "return_rate": 0.0,
        "customer_satisfaction": 100.0
      }
    }
  },
  "financial": {
    "simulationtime": 200.0,
    "totalrevenue": 24900.0,
    "totalcosts": 49036.00102370598,
    "netprofit": -24136.001023705983
  },
  "environment": {
    "total_energy_kwh": 5815.754242345533,
    "total_emissions_kg": 4061.755809641902,
    "total_waste_kg": 30.893000000000008,
    "waste_recycled_kg": 14.859350000000022,
    "water_used_m3": 4.64649999999999,
    "energy_per_hour_kwh": 29.078771211727666,
    "emissions_per_hour_kg": 20.30877904820951,
    "emissions_per_unit_kg": 48.93681698363737,
    "energy_per_unit_kwh": 70.06932822103052,
    "per_machine_energy_kwh": {
      "Assembling_Machine3": 125.12124605204167,
      "Cutting_Machine1": 1709.2850091869993,
      "Cutting_Machine3": 83.19339054986176,
      "Cutting_Machine4": 248.12881462668543,
      "Painting_Machine1": 2067.5650565505453,
      "Routing_Machine1": 1560.5775253794532
    },
    "per_machine_emissions_kg": {
      "Assembling_Machine3": 87.58487223642916,
      "Cutting_Machine1": 1196.4995064308964,
      "Cutting_Machine3": 58.235373384903234,
      "Cutting_Machine4": 173.69017023867977,
      "Painting_Machine1": 1447.2955395853833,
      "Routing_Machine1": 1092.4042677656157
    },
    "per_product_units": {
      "ProductA": 52,
      "ProductB": 31
    }
  },
  "trends": {
    "windows": {
      "4.0": {
        "oee_slope": 0.0,
        "wip_avg": 0.0,
        "worker_util_avg": 0.7058823529411764,
        "queue_p90_by_stage": {}
      },
      "24.0": {
        "oee_slope": 0.0,
        "wip_avg": 0.0,
        "worker_util_avg": 0.8687782805429864,
        "queue_p90_by_stage": {}
      }
    }
  },
  "alerts": [
    {
      "key": "profit_margin_low",
      "severity": "high",
      "title": "Profit Margin Critically Low",
      "message": "Profit margin has fallen to -7061.75%.",
      "first_seen": 60,
      "latest_seen": 200.0,
      "count": 19,
      "meta": {
        "margin": -70.61751504483567
      }
    },
    {
      "key": "emissions_high",
      "severity": "low",
      "title": "Emissions per unit high",
      "message": "48.94 kg/unit > 2.0",
      "first_seen": 200.0,
      "latest_seen": 200.0,
      "count": 1,
      "meta": {}
    }
  ],
  "analytical_comparison": {
    "__jackson_network": {
      "system_wip_analytical": 4.669788622803903,
      "nodes": {
        "Assembling": {
          "effective_lambda": 0.0,
          "mu": 0,
          "c": 4,
          "error": "Arrival rate must be less than total service capacity (\u03bb < c*\u03bc)"
        },
        "Cutting": {
          "effective_lambda": 0.5175737704918033,
          "mu": 0.17070614949397658,
          "c": 4,
          "rho": 0.7579893460576036,
          "Lq": 1.637831238573489,
          "Wq": 3.1644401860187137,
          "L": 4.669788622803903,
          "W": 9.022459964241673,
          "C_c": 0.5229263592635413,
          "model": "M/M/4"
        },
        "Painting": {
          "effective_lambda": 0.515,
          "mu": 0.09990127594752732,
          "c": 4,
          "error": "Arrival rate must be less than total service capacity (\u03bb < c*\u03bc)"
        },
        "Routing": {
          "effective_lambda": 0.5164229508196722,
          "mu": 0.11425052408940004,
          "c": 4,
          "error": "Arrival rate must be less than total service capacity (\u03bb < c*\u03bc)"
        }
      },
      "routing_matrix_P": [
        [
          0.0,
          0.0,
          0.0,
          0.0
        ],
        [
          0.0,
          0.0,
          0.35,
          0.65
        ],
        [
          0.0,
          0.0,
          0.0,
          0.0
        ],
        [
          0.0,
          0.35353535353535354,
          0.6464646464646465,
          0.0
        ]
      ],
      "external_arrivals_alpha": [
        0.0,
        0.335,
        0.0,
        0.18
      ]
    }
  }
}