machine,co2_kg,kwh
Assembling_Machine3,87.58487223642916,125.12124605204167
Cutting_Machine1,1196.4995064308964,1709.2850091869993
Cutting_Machine3,58.235373384903234,83.19339054986176
Cutting_Machine4,173.69017023867977,248.12881462668543
Painting_Machine1,1447.2955395853833,2067.5650565505453
Routing_Machine1,1092.4042677656157,1560.5775253794532
