{
  "by_product": {
    "ProductA": {
      "produced": 416,
      "defect_rate": 0.009615384615384616,
      "rework_rate": 0.0,
      "scrap_rate": 0.0,
      "escape_rate": 0.0,
      "fpy": 0.9903846153846154,
      "rty_proxy": 0.9903846153846154,
      "shipped_good": 0,
      "shipped_suspect": 0,
      "returns": 0,
      "return_rate": 0.0,
      "customer_satisfaction": 100.0
    },
    "ProductB": {
      "produced": 294,
      "defect_rate": 0.013605442176870748,
      "rework_rate": 0.0,
      "scrap_rate": 0.0,
      "escape_rate": 0.0,
      "fpy": 0.9863945578231292,
      "rty_proxy": 0.9863945578231292,
      "shipped_good": 0,
      "shipped_suspect": 0,
      "returns": 0,
      "return_rate": 0.0,
      "customer_satisfaction": 100.0
    }
  }
}