machine,co2_kg,kwh
Assembling_Machine1,126.45625729182066,180.6517961311724
Assembling_Machine2,273.9718793368372,391.38839905262466
Assembling_Machine4,106.08664341926486,151.55234774180695
Cutting_Machine1,1128.8395732776635,1612.627961825235
Cutting_Machine4,250.7235389503665,358.1764842148093
Painting_Machine1,1493.8490002824058,2134.0700004034347
Routing_Machine1,1270.8778205477208,1815.5397436396047
