machine,co2_kg,kwh
Assembling_Machine1,327.24381688693467,467.49116698133525
Assembling_Machine2,80.5269295636357,115.03847080519388
Assembling_Machine3,235.50740182391144,336.43914546273066
Cutting_Machine1,1157.3060701049335,1653.2943858641925
Cutting_Machine2,493.0154004277853,704.3077148968362
Cutting_Machine4,449.78339767263134,642.5477109609019
Painting_Machine1,1624.857083988208,2321.224405697438
Routing_Machine1,1080.7895163993742,1543.9850234276796
Routing_Machine3,268.02593345924134,382.8941906560591
